datetime,id,order,side,price,amount,cost
2025-07-01 05:53:25.105,99792,,buy,0.02416,1405.04,33.9457664
2025-07-01 05:54:22.490,99793,,buy,0.02419,5000.0,120.95
2025-07-01 05:54:22.490,99794,,buy,0.02419,2340.82,56.6244358
2025-07-01 05:54:22.490,99795,,buy,0.0242,749.51,18.138142
2025-07-01 05:55:16.093,99796,,sell,0.02412,1440.37,34.7417244
2025-07-01 05:55:16.097,99797,,sell,0.02412,194.5,4.69134
2025-07-01 05:55:16.099,99798,,sell,0.02412,727.66,17.5511592
2025-07-01 05:55:16.099,99799,,sell,0.02412,2107.03,50.8215636
2025-07-01 05:55:16.099,99800,,sell,0.0241,1847.31,44.520171
2025-07-01 05:55:16.099,99801,,sell,0.0241,1313.82,31.663062
2025-07-01 05:55:16.101,99802,,sell,0.0241,990.7,23.87587
2025-07-01 05:55:16.104,99803,,sell,0.0241,735.08,17.715428
2025-07-01 05:55:16.105,99804,,sell,0.0241,968.1,23.33121
2025-07-01 05:55:16.110,99805,,sell,0.0241,140.81,3.393521
2025-07-01 05:55:16.151,99806,,sell,0.02405,276.66,6.653673
2025-07-01 05:55:16.151,99807,,sell,0.02403,879.34,21.1305402
2025-07-01 05:55:16.166,99808,,sell,0.02403,280.02,6.7288806
2025-07-01 05:55:16.167,99809,,sell,0.02403,963.38,23.1500214
2025-07-01 05:55:16.170,99810,,sell,0.02403,392.13,9.4228839
2025-07-01 05:55:16.170,99811,,sell,0.02402,621.27,14.9229054
2025-07-01 05:55:19.221,99812,,sell,0.02401,1023.53,24.5749553
2025-07-01 05:55:19.674,99813,,sell,0.02401,842.39,20.2257839
2025-07-01 05:55:19.674,99814,,sell,0.024,642.8,15.4272
2025-07-01 05:55:19.674,99815,,sell,0.024,180.0,4.32
2025-07-01 05:55:19.674,99816,,sell,0.024,19345.06,464.28144
2025-07-01 05:55:20.125,99817,,sell,0.024,392.42,9.41808
2025-07-01 05:56:16.034,99818,,sell,0.02377,980.57,23.3081489
2025-07-01 05:56:16.039,99819,,sell,0.02374,2106.96,50.0192304
2025-07-01 05:56:16.039,99820,,sell,0.0237,4148.34,98.315658
2025-07-01 05:56:16.044,99821,,sell,0.02371,395.9,9.386789
2025-07-01 05:56:16.051,99822,,sell,0.02371,637.55,15.1163105
2025-07-01 05:56:16.062,99823,,sell,0.02369,180.0,4.2642
2025-07-01 05:56:16.062,99824,,sell,0.02367,899.92,21.3011064
2025-07-01 05:56:16.084,99825,,sell,0.02357,915.6,21.580692
2025-07-01 05:56:16.178,99826,,buy,0.02355,569.14,13.403247
2025-07-01 05:56:16.481,99827,,buy,0.02371,1871.6,44.375636
2025-07-01 05:56:16.481,99828,,buy,0.02371,3039.84,72.0746064
2025-07-01 05:56:16.694,99829,,sell,0.02351,447.93,10.5308343
2025-07-01 05:56:16.701,99830,,sell,0.02351,799.47,18.7955397
2025-07-01 05:56:18.735,99831,,buy,0.02359,1841.63,43.4440517
2025-07-01 05:56:18.735,99832,,buy,0.0236,1607.63,37.940068
2025-07-01 05:56:18.735,99833,,buy,0.02362,782.48,18.4821776
2025-07-01 05:56:18.735,99834,,buy,0.02363,2161.2,51.069156
2025-07-01 05:56:18.735,99835,,buy,0.02363,2107.03,49.7891189
2025-07-01 05:56:18.735,99836,,buy,0.02363,1221.42,28.8621546
2025-07-01 05:56:18.735,99837,,buy,0.02365,52.81,1.2489565
2025-07-01 05:56:31.412,99838,,sell,0.02353,825.39,19.4214267
2025-07-01 05:56:31.416,99839,,sell,0.02353,962.24,22.6415072
2025-07-01 05:56:31.420,99840,,sell,0.02353,450.9,10.609677
2025-07-01 05:56:39.262,99841,,sell,0.02375,682.5,16.209375
2025-07-01 05:57:44.791,99842,,sell,0.02363,281.94,6.6622422
2025-07-01 05:59:00.695,99843,,buy,0.02364,128.2,3.030648
2025-07-01 05:59:36.071,99844,,sell,0.02359,305.45,7.2055655
2025-07-01 05:59:36.071,99845,,sell,0.02358,2113.27,49.8309066
2025-07-01 05:59:36.071,99846,,sell,0.02358,1264.83,29.8246914
2025-07-01 06:00:28.469,99847,,buy,0.02347,1318.18,30.9376846
2025-07-01 06:00:28.469,99848,,buy,0.0235,2145.47,50.418545
2025-07-01 06:00:28.469,99849,,buy,0.0236,3337.14,78.756504
2025-07-01 06:00:28.469,99850,,buy,0.02361,5.66,0.1336326
2025-07-01 06:00:46.381,99851,,sell,0.02346,562.52,13.1967192
2025-07-01 06:00:46.384,99852,,sell,0.02346,1210.9,28.407714
2025-07-01 06:00:46.384,99853,,sell,0.02346,1500.16,35.1937536
2025-07-01 06:00:46.385,99854,,sell,0.02346,12.67,0.2972382
2025-07-01 06:00:46.385,99855,,sell,0.02346,780.43,18.3088878
2025-07-01 06:00:46.385,99856,,sell,0.02346,551.8,12.945228
2025-07-01 06:00:46.385,99857,,sell,0.02346,835.1,19.591446
2025-07-01 06:00:46.385,99858,,sell,0.02346,336.33,7.8903018
2025-07-01 06:00:46.389,99859,,sell,0.02346,858.59,20.1425214
2025-07-01 06:00:46.396,99860,,sell,0.02343,434.96,10.1911128
2025-07-01 06:00:46.397,99861,,sell,0.02343,556.55,13.0399665
2025-07-01 06:00:46.397,99862,,sell,0.02343,567.81,13.3037883
2025-07-01 06:00:46.397,99863,,sell,0.02343,42.36,0.9924948
2025-07-01 06:00:46.512,99864,,sell,0.02334,346.88,8.0961792
2025-07-01 06:00:46.512,99865,,sell,0.02334,1924.35,44.914329
2025-07-01 06:00:46.514,99866,,sell,0.02334,2226.21,51.9597414
2025-07-01 06:00:49.200,99867,,sell,0.02333,1847.32,43.0979756
2025-07-01 06:00:49.202,99868,,sell,0.02332,1692.04,39.4583728
2025-07-01 06:00:50.218,99869,,buy,0.02342,1788.32,41.8824544
2025-07-01 06:01:06.790,99870,,buy,0.02335,1556.08,36.334468
2025-07-01 06:01:06.790,99871,,buy,0.02335,2116.48,49.419808
2025-07-01 06:01:06.790,99872,,buy,0.02339,1141.16,26.6917324
2025-07-01 06:01:09.380,99873,,sell,0.02319,2139.67,49.6189473
2025-07-01 06:01:09.380,99874,,sell,0.02319,1062.91,24.6488829
2025-07-01 06:01:19.070,99875,,buy,0.02334,1832.35,42.767049
2025-07-01 06:02:36.804,99876,,sell,0.02324,52.74,1.2256776
2025-07-01 06:03:02.819,99877,,sell,0.02328,2680.11,62.3929608
2025-07-01 06:04:30.677,99878,,sell,0.02329,1437.58,33.4812382
2025-07-01 06:05:27.216,99879,,buy,0.02337,2162.01,50.5261737
2025-07-01 06:05:27.742,99880,,buy,0.02329,462.16,10.7637064
2025-07-01 06:05:27.742,99881,,buy,0.02329,477.77,11.1272633
2025-07-01 06:05:27.743,99882,,buy,0.02329,694.22,16.1683838
2025-07-01 06:05:27.743,99883,,buy,0.02329,676.49,15.7554521
2025-07-01 06:05:27.743,99884,,buy,0.02329,2640.69,61.5016701
2025-07-01 06:05:27.743,99885,,buy,0.02329,595.29,13.8643041
2025-07-01 06:05:27.744,99886,,buy,0.02329,1166.07,27.1577703
2025-07-01 06:05:27.744,99887,,buy,0.02329,662.21,15.4228709
2025-07-01 06:05:27.744,99888,,buy,0.02329,1123.26,26.1607254
2025-07-01 06:05:27.744,99889,,buy,0.02329,709.16,16.5163364
2025-07-01 06:05:27.779,99890,,buy,0.02341,587.76,13.7594616
2025-07-01 06:05:27.785,99891,,buy,0.02341,507.77,11.8868957
2025-07-01 06:05:27.791,99892,,buy,0.02341,481.96,11.2826836
2025-07-01 06:05:27.795,99893,,buy,0.02341,1748.76,40.9384716
2025-07-01 06:05:27.795,99894,,buy,0.02341,587.73,13.7587593
2025-07-01 06:05:27.810,99895,,buy,0.02341,1194.82,27.9707362
2025-07-01 06:05:28.594,99896,,buy,0.02345,63.72,1.494234
2025-07-01 06:05:28.594,99897,,buy,0.02359,4148.51,97.8633509
2025-07-01 06:05:28.594,99898,,buy,0.0236,2113.27,49.873172
2025-07-01 06:05:28.594,99899,,buy,0.0236,131.59,3.105524
2025-07-01 06:05:28.594,99900,,buy,0.02361,1156.31,27.3004791
2025-07-01 06:05:28.594,99901,,buy,0.02365,619.19,14.6438435
2025-07-01 06:05:30.588,99902,,sell,0.02355,836.32,19.695336
2025-07-01 06:05:30.591,99903,,sell,0.02355,1413.28,33.282744
2025-07-01 06:05:30.593,99904,,sell,0.02355,915.51,21.5602605
2025-07-01 06:05:30.604,99905,,sell,0.02355,275.91,6.4976805
2025-07-01 06:05:30.604,99906,,sell,0.02354,106.29,2.5020666
2025-07-01 06:05:30.606,99907,,sell,0.02354,366.9,8.636826
2025-07-01 06:05:36.859,99908,,sell,0.02337,1897.27,44.3391999
2025-07-01 06:05:36.859,99909,,sell,0.02336,4148.51,96.9091936
2025-07-01 06:05:36.859,99910,,sell,0.02336,1645.99,38.4503264
2025-07-01 06:05:36.859,99911,,sell,0.02336,1537.95,35.926512
2025-07-01 06:05:36.860,99912,,sell,0.02336,570.28,13.3217408
2025-07-01 06:06:47.941,99913,,sell,0.02339,2137.66,49.9998674
2025-07-01 06:06:48.752,99914,,sell,0.02333,306.3,7.145979
2025-07-01 06:06:48.752,99915,,sell,0.02333,5000.0,116.65
2025-07-01 06:06:48.752,99916,,sell,0.02333,616.98,14.3941434
2025-07-01 06:06:48.752,99917,,sell,0.02332,1735.85,40.480022
2025-07-01 06:06:48.752,99918,,sell,0.0233,799.78,18.634874
2025-07-01 06:07:04.935,99919,,sell,0.0233,43.03,1.002599
2025-07-01 06:07:32.654,99920,,buy,0.02349,1583.76,37.2025224
2025-07-01 06:07:32.654,99921,,buy,0.02349,2113.27,49.6407123
2025-07-01 06:07:32.655,99922,,buy,0.0235,2137.66,50.23501
2025-07-01 06:07:32.655,99923,,buy,0.0235,3349.72,78.71842
2025-07-01 06:07:32.655,99924,,buy,0.0235,1237.04,29.07044
2025-07-01 06:07:38.437,99925,,sell,0.02351,2113.11,49.6792161
2025-07-01 06:07:38.437,99926,,sell,0.02351,18.72,0.4401072
2025-07-01 06:07:38.437,99927,,sell,0.02351,3324.24,78.1528824
2025-07-01 06:07:38.453,99928,,sell,0.0235,2113.11,49.658085
2025-07-01 06:07:38.488,99929,,sell,0.02351,1270.93,29.8795643
2025-07-01 06:07:38.488,99930,,sell,0.02349,150.0,3.5235
2025-07-01 06:07:38.488,99931,,sell,0.02343,1468.06,34.3966458
2025-07-01 06:07:38.488,99932,,sell,0.02342,1614.63,37.8146346
2025-07-01 06:07:38.488,99933,,sell,0.02333,300.09,7.0010997
2025-07-01 06:07:38.488,99934,,sell,0.0233,466.29,10.864557
2025-07-01 06:07:52.561,99935,,sell,0.02333,1516.94,35.3902102
2025-07-01 06:07:52.561,99936,,sell,0.02333,463.06,10.8031898
2025-07-01 06:07:54.629,99937,,buy,0.02343,1872.43,43.8710349
2025-07-01 06:07:54.629,99938,,buy,0.02343,1601.84,37.5311112
2025-07-01 06:07:54.629,99939,,buy,0.02344,2244.18,52.6035792
2025-07-01 06:07:54.631,99940,,buy,0.02345,2113.27,49.5561815
2025-07-01 06:07:54.631,99941,,buy,0.02345,3315.07,77.7383915
2025-07-01 06:07:54.631,99942,,buy,0.02345,1233.3,28.920885
2025-07-01 06:07:54.725,99943,,buy,0.02341,1863.35,43.6210235
2025-07-01 06:07:54.725,99944,,buy,0.02344,2409.24,56.4725856
2025-07-01 06:07:56.325,99945,,sell,0.0235,2113.27,49.661845
2025-07-01 06:07:56.325,99946,,sell,0.02348,1957.5,45.9621
2025-07-01 06:07:56.325,99947,,sell,0.02347,1864.63,43.7628661
2025-07-01 06:07:56.325,99948,,sell,0.02347,2078.57,48.7840379
2025-07-01 06:07:56.984,99949,,sell,0.02337,1828.63,42.7350831
2025-07-01 06:07:56.984,99950,,sell,0.02337,2409.06,56.2997322
2025-07-01 06:07:56.984,99951,,sell,0.02337,1011.21,23.6319777
2025-07-01 06:08:40.179,99952,,sell,0.02327,645.95,15.0312565
2025-07-01 06:08:46.137,99953,,sell,0.02322,1257.92,29.2089024
2025-07-01 06:08:46.137,99954,,sell,0.02322,583.34,13.5451548
2025-07-01 06:08:46.137,99955,,sell,0.02322,989.78,22.9826916
2025-07-01 06:08:46.167,99956,,sell,0.02323,583.16,13.5468068
2025-07-01 06:08:46.167,99957,,sell,0.02311,156.84,3.6245724
2025-07-01 06:08:47.252,99958,,buy,0.02326,2183.29,50.7833254
2025-07-01 06:08:47.252,99959,,buy,0.02326,1573.86,36.6079836
2025-07-01 06:08:47.252,99960,,buy,0.02326,3310.98,77.0133948
2025-07-01 06:08:47.252,99961,,buy,0.02327,819.84,19.0776768
2025-07-01 06:10:16.091,99962,,sell,0.02316,819.62,18.9823992
2025-07-01 06:10:16.091,99963,,sell,0.02316,3292.25,76.24851
2025-07-01 06:10:16.120,99964,,sell,0.02315,799.17,18.5007855
2025-07-01 06:10:16.121,99965,,sell,0.02315,462.16,10.699004
2025-07-01 06:10:16.121,99966,,sell,0.02315,507.77,11.7548755
2025-07-01 06:10:16.121,99967,,sell,0.02315,390.72,9.045168
2025-07-01 06:10:16.125,99968,,sell,0.02314,1570.66,36.3450724
2025-07-01 06:10:17.253,99969,,buy,0.02308,1572.93,36.3032244
2025-07-01 06:10:17.253,99970,,buy,0.02313,1380.51,31.9311963
2025-07-01 06:10:17.961,99971,,buy,0.02316,5000.0,115.8
2025-07-01 06:10:17.961,99972,,buy,0.02323,2184.67,50.7498841
2025-07-01 06:10:17.961,99973,,buy,0.02324,825.29,19.1797396
2025-07-01 06:10:19.426,99974,,sell,0.02307,475.68,10.9739376
2025-07-01 06:10:26.259,99975,,sell,0.02302,1712.99,39.4330298
2025-07-01 06:10:26.259,99976,,sell,0.02301,138.18,3.1795218
2025-07-01 06:10:32.989,99977,,buy,0.023,12851.26,295.57898
2025-07-01 06:10:58.604,99978,,buy,0.02293,6866.48,157.4483864
2025-07-01 06:10:59.767,99979,,buy,0.023,426.85,9.81755
2025-07-01 06:10:59.767,99980,,buy,0.02308,1832.38,42.2913304
2025-07-01 06:10:59.767,99981,,buy,0.02311,640.3,14.797333
2025-07-01 06:10:59.767,99982,,buy,0.02313,3306.77,76.4855901
2025-07-01 06:10:59.767,99983,,buy,0.02313,661.55,15.3016515
2025-07-01 06:11:01.315,99984,,sell,0.02299,95.51,2.1957749
2025-07-01 06:11:06.675,99985,,sell,0.02305,1189.1,27.408755
2025-07-01 06:11:30.177,99986,,buy,0.02314,168.06,3.8889084
2025-07-01 06:12:09.946,99987,,buy,0.02323,171.08,3.9741884
2025-07-01 06:12:31.396,99988,,sell,0.02309,750.5,17.329045
2025-07-01 06:12:50.120,99989,,buy,0.02322,1851.79,42.9985638
2025-07-01 06:12:50.120,99990,,buy,0.02323,1525.03,35.4264469
2025-07-01 06:12:50.120,99991,,buy,0.02323,1448.82,33.6560886
2025-07-01 06:12:50.120,99992,,buy,0.02325,4272.59,99.3377175
2025-07-01 06:12:50.120,99993,,buy,0.02325,2113.27,49.1335275
2025-07-01 06:12:50.120,99994,,buy,0.02325,1267.41,29.4672825
2025-07-01 06:12:50.120,99995,,buy,0.02326,528.2,12.285932
2025-07-01 06:12:50.120,99996,,buy,0.02328,782.33,18.2126424
2025-07-01 06:12:50.122,99997,,buy,0.02328,528.2,12.296496
2025-07-01 06:12:50.122,99998,,buy,0.02331,1067.81,24.8906511
2025-07-01 06:12:50.125,100000,,buy,0.02333,830.71,19.3804643
2025-07-01 06:12:50.125,100001,,buy,0.02333,506.71,11.8215443
2025-07-01 06:12:50.125,99999,,buy,0.02331,528.2,12.312342
2025-07-01 06:12:50.140,100002,,buy,0.02323,1367.65,31.7705095
2025-07-01 06:12:50.166,100003,,buy,0.02337,380.49,8.8920513
2025-07-01 06:12:50.166,100004,,buy,0.02337,639.8,14.952126
2025-07-01 06:12:50.166,100005,,buy,0.02349,957.2,22.484628
2025-07-01 06:12:50.166,100006,,buy,0.02349,1292.78,30.3674022
2025-07-01 06:12:50.166,100007,,buy,0.0235,468.87,11.018445
2025-07-01 06:12:50.166,100008,,buy,0.02352,267.23,6.2852496
2025-07-01 06:12:50.172,100009,,sell,0.02327,778.32,18.1115064
2025-07-01 06:12:50.177,100010,,sell,0.02327,689.35,16.0411745
2025-07-01 06:12:50.226,100011,,sell,0.02324,3373.74,78.4057176
2025-07-01 06:12:50.226,100012,,sell,0.02324,2251.39,52.3223036
2025-07-01 06:12:50.244,100013,,buy,0.02347,468.75,11.0015625
2025-07-01 06:12:50.438,100014,,buy,0.02347,258.28,6.0618316
2025-07-01 06:12:50.670,100015,,buy,0.02346,1186.54,27.8362284
2025-07-01 06:12:50.679,100016,,buy,0.02346,482.02,11.3081892
2025-07-01 06:12:50.767,100017,,buy,0.02346,590.0,13.8414
2025-07-01 06:12:51.004,100018,,sell,0.02333,2113.27,49.3025891
2025-07-01 06:12:51.004,100019,,sell,0.02333,331.82,7.7413606
2025-07-01 06:12:51.653,100020,,buy,0.02355,1094.29,25.7705295
2025-07-01 06:12:51.653,100021,,buy,0.02356,1899.41,44.7500996
2025-07-01 06:12:51.818,100022,,sell,0.02336,290.32,6.7818752
2025-07-01 06:12:51.818,100023,,sell,0.02335,1855.14,43.317519
2025-07-01 06:12:51.818,100024,,sell,0.02335,37.26,0.870021
2025-07-01 06:12:59.073,100025,,buy,0.0234,1397.0,32.6898
2025-07-01 06:13:44.279,100026,,sell,0.02328,338.8,7.887264
2025-07-01 06:13:58.048,100027,,sell,0.02333,77.0,1.79641
2025-07-01 06:14:08.260,100028,,sell,0.02333,94.08,2.1948864
2025-07-01 06:14:08.260,100029,,sell,0.02331,590.67,13.7685177
2025-07-01 06:14:17.504,100030,,sell,0.02337,1170.0,27.3429
2025-07-01 06:15:46.136,100031,,sell,0.02331,51.24,1.1944044
2025-07-01 06:16:32.339,100032,,sell,0.02331,42.84,0.9986004
2025-07-01 06:17:03.428,100033,,sell,0.02321,77.8,1.805738
2025-07-01 06:17:28.432,100034,,buy,0.0233,1385.17,32.274461
2025-07-01 06:17:28.432,100035,,buy,0.02331,141.22,3.2918382
2025-07-01 06:17:28.432,100036,,buy,0.02335,855.92,19.985732
2025-07-01 06:17:28.432,100037,,buy,0.02343,1438.99,33.7155357
2025-07-01 06:17:28.432,100038,,buy,0.02343,2121.52,49.7072136
2025-07-01 06:17:28.432,100039,,buy,0.02343,2251.39,52.7500677
2025-07-01 06:17:28.432,100040,,buy,0.02343,367.22,8.6039646
2025-07-01 06:17:28.432,100041,,buy,0.02343,2146.84,50.3004612
2025-07-01 06:17:28.432,100042,,buy,0.02343,92.39,2.1646977
2025-07-01 06:20:33.800,100043,,sell,0.02346,1606.23,37.6821558
2025-07-01 06:22:15.182,100044,,sell,0.02346,2146.84,50.3648664
2025-07-01 06:22:35.982,100045,,buy,0.02345,53.08,1.244726
2025-07-01 06:22:35.982,100046,,buy,0.02349,297.54,6.9892146
2025-07-01 06:22:35.982,100047,,buy,0.0235,1833.16,43.07926
2025-07-01 06:22:35.982,100048,,buy,0.02351,5000.0,117.55
2025-07-01 06:22:35.982,100049,,buy,0.02359,2613.07,61.6423213
2025-07-01 06:22:35.982,100050,,buy,0.0236,2146.84,50.665424
2025-07-01 06:22:35.982,100051,,buy,0.02362,2.38,0.0562156
2025-07-01 06:22:38.514,100052,,sell,0.02351,462.77,10.8797227
2025-07-01 06:22:56.219,100053,,sell,0.02352,413.61,9.7281072
2025-07-01 06:22:56.268,100054,,sell,0.02352,618.79,14.5539408
2025-07-01 06:23:04.707,100055,,sell,0.0235,568.75,13.365625
2025-07-01 06:23:04.728,100056,,sell,0.02349,495.0,11.62755
2025-07-01 06:23:55.550,100057,,sell,0.02344,67.06,1.5718864
2025-07-01 06:24:03.034,100058,,sell,0.02343,0.32,0.0074976
2025-07-01 06:24:03.048,100059,,sell,0.02343,6.54,0.1532322
2025-07-01 06:24:03.051,100060,,sell,0.02343,0.32,0.0074976
2025-07-01 06:24:04.040,100061,,sell,0.02338,0.19,0.0044422
2025-07-01 06:24:04.041,100062,,sell,0.02338,0.14,0.0032732
2025-07-01 06:24:04.041,100063,,sell,0.02338,0.04,0.0009352
2025-07-01 06:24:04.041,100064,,sell,0.02338,6.53,0.1526714
2025-07-01 06:24:04.041,100065,,sell,0.02338,0.01,0.0002338
2025-07-01 06:24:05.033,100066,,sell,0.02345,0.09,0.0021105
2025-07-01 06:24:05.035,100067,,sell,0.02345,0.13,0.0030485
2025-07-01 06:24:05.038,100068,,sell,0.02345,3.28,0.076916
2025-07-01 06:24:05.038,100069,,sell,0.02345,6.53,0.1531285
2025-07-01 06:24:05.038,100070,,sell,0.02345,6.53,0.1531285
2025-07-01 06:24:07.049,100071,,sell,0.02345,6.57,0.1540665
2025-07-01 06:24:07.049,100072,,sell,0.02345,6.54,0.153363
2025-07-01 06:24:07.050,100073,,sell,0.02345,3.31,0.0776195
2025-07-01 06:24:07.050,100074,,sell,0.02345,3.39,0.0794955
2025-07-01 06:24:08.036,100075,,sell,0.02335,6.53,0.1524755
2025-07-01 06:24:08.036,100076,,sell,0.02335,6.53,0.1524755
2025-07-01 06:24:11.041,100077,,sell,0.02341,0.09,0.0021069
2025-07-01 06:24:11.041,100078,,sell,0.02341,0.01,0.0002341
2025-07-01 06:24:11.043,100079,,sell,0.02341,0.16,0.0037456
2025-07-01 06:24:17.037,100080,,sell,0.02342,0.39,0.0091338
2025-07-01 06:24:17.037,100081,,sell,0.02342,0.27,0.0063234
2025-07-01 06:24:17.038,100082,,sell,0.02342,0.02,0.0004684
2025-07-01 06:24:18.041,100083,,sell,0.02339,14.83,0.3468737
2025-07-01 06:24:18.044,100084,,sell,0.02339,1.35,0.0315765
2025-07-01 06:24:18.045,100085,,sell,0.02339,3.26,0.0762514
2025-07-01 06:24:18.045,100086,,sell,0.02339,0.01,0.0002339
2025-07-01 06:24:18.781,100087,,sell,0.02343,1347.48,31.5714564
2025-07-01 06:24:18.781,100088,,sell,0.02343,1885.88,44.1861684
2025-07-01 06:24:18.781,100089,,sell,0.02342,3441.59,80.6020378
2025-07-01 06:24:18.847,100090,,sell,0.02343,1289.52,30.2134536
2025-07-01 06:24:18.847,100091,,sell,0.02342,2146.84,50.2789928
2025-07-01 06:24:18.849,100092,,sell,0.02341,1621.57,37.9609537
2025-07-01 06:24:18.850,100093,,sell,0.0234,1707.12,39.946608
2025-07-01 06:24:19.697,100094,,sell,0.0233,350.58,8.168514
2025-07-01 06:24:28.148,100095,,buy,0.02331,44.54,1.0382274
2025-07-01 06:24:28.148,100096,,buy,0.02331,0.06,0.0013986
2025-07-01 06:24:28.148,100097,,buy,0.02331,0.43,0.0100233
2025-07-01 06:24:28.148,100098,,buy,0.02331,7.43,0.1731933
2025-07-01 06:24:28.148,100099,,buy,0.02331,0.01,0.0002331
2025-07-01 06:24:28.148,100100,,buy,0.02331,0.03,0.0006993
2025-07-01 06:24:28.148,100101,,buy,0.02331,0.01,0.0002331
2025-07-01 06:24:28.148,100102,,buy,0.02331,0.03,0.0006993
2025-07-01 06:24:28.148,100103,,buy,0.02331,3.75,0.0874125
2025-07-01 06:24:28.148,100104,,buy,0.02331,0.04,0.0009324
2025-07-01 06:24:28.148,100105,,buy,0.02331,2.32,0.0540792
2025-07-01 06:24:28.148,100106,,buy,0.02331,44.54,1.0382274
2025-07-01 06:25:38.157,100107,,buy,0.02332,0.02,0.0004664
2025-07-01 06:25:38.157,100108,,buy,0.02332,0.06,0.0013992
2025-07-01 06:25:38.157,100109,,buy,0.02332,1.5,0.03498
2025-07-01 06:25:38.157,100110,,buy,0.02332,4.17,0.0972444
2025-07-01 06:25:38.157,100111,,buy,0.02332,4.17,0.0972444
2025-07-01 06:25:38.157,100112,,buy,0.02332,4.17,0.0972444
2025-07-01 06:25:38.157,100113,,buy,0.02332,4.17,0.0972444
2025-07-01 06:25:38.157,100114,,buy,0.02332,0.03,0.0006996
2025-07-01 06:25:38.157,100115,,buy,0.02332,4.17,0.0972444
2025-07-01 06:25:38.157,100116,,buy,0.02332,4.17,0.0972444
2025-07-01 06:25:38.157,100117,,buy,0.02332,4.17,0.0972444
2025-07-01 06:25:38.157,100118,,buy,0.02332,4.17,0.0972444
2025-07-01 06:25:38.157,100119,,buy,0.02332,4.17,0.0972444
2025-07-01 06:25:38.157,100120,,buy,0.02332,4.17,0.0972444
2025-07-01 06:25:38.157,100121,,buy,0.02332,0.03,0.0006996
2025-07-01 06:25:38.157,100122,,buy,0.02332,4.17,0.0972444
2025-07-01 06:25:38.157,100123,,buy,0.02332,4.17,0.0972444
2025-07-01 06:25:38.157,100124,,buy,0.02332,0.38,0.0088616
2025-07-01 06:25:38.157,100125,,buy,0.02332,4.17,0.0972444
2025-07-01 06:25:38.157,100126,,buy,0.02332,4.17,0.0972444
2025-07-01 06:25:38.157,100127,,buy,0.02332,4.17,0.0972444
2025-07-01 06:25:38.157,100128,,buy,0.02332,4.17,0.0972444
2025-07-01 06:25:38.157,100129,,buy,0.02332,4.17,0.0972444
2025-07-01 06:25:38.157,100130,,buy,0.02332,4.17,0.0972444
2025-07-01 06:25:38.157,100131,,buy,0.02332,4.17,0.0972444
2025-07-01 06:25:38.157,100132,,buy,0.02332,0.21,0.0048972
2025-07-01 06:25:38.157,100133,,buy,0.02332,0.07,0.0016324
2025-07-01 06:25:38.157,100134,,buy,0.02332,0.06,0.0013992
2025-07-01 06:25:38.157,100135,,buy,0.02332,4.89,0.1140348
2025-07-01 06:25:38.157,100136,,buy,0.02332,4.17,0.0972444
2025-07-01 06:25:38.157,100137,,buy,0.02332,4.17,0.0972444
2025-07-01 06:25:38.157,100138,,buy,0.02332,0.02,0.0004664
2025-07-01 06:25:38.157,100139,,buy,0.02332,0.01,0.0002332
2025-07-01 06:25:38.157,100140,,buy,0.02332,2.0,0.04664
2025-07-01 06:25:38.157,100141,,buy,0.02332,3.9,0.090948
2025-07-01 06:25:38.157,100142,,buy,0.02332,4.17,0.0972444
2025-07-01 06:25:38.157,100143,,buy,0.02332,4.17,0.0972444
2025-07-01 06:25:38.157,100144,,buy,0.02332,0.02,0.0004664
2025-07-01 06:25:38.157,100145,,buy,0.02332,4.17,0.0972444
2025-07-01 06:25:38.157,100146,,buy,0.02332,4.17,0.0972444
2025-07-01 06:25:38.157,100147,,buy,0.02332,4.17,0.0972444
2025-07-01 06:25:38.157,100148,,buy,0.02332,4.17,0.0972444
2025-07-01 06:25:38.157,100149,,buy,0.02332,4.17,0.0972444
2025-07-01 06:25:38.157,100150,,buy,0.02332,4.17,0.0972444
2025-07-01 06:25:38.157,100151,,buy,0.02332,0.52,0.0121264
2025-07-01 06:25:38.157,100152,,buy,0.02332,2.34,0.0545688
2025-07-01 06:25:38.157,100153,,buy,0.02332,4.17,0.0972444
2025-07-01 06:25:38.157,100154,,buy,0.02332,4.17,0.0972444
2025-07-01 06:25:38.157,100155,,buy,0.02332,4.17,0.0972444
2025-07-01 06:25:38.157,100156,,buy,0.02332,0.07,0.0016324
2025-07-01 06:25:38.157,100157,,buy,0.02332,3.26,0.0760232
2025-07-01 06:25:38.157,100158,,buy,0.02332,0.4,0.009328
2025-07-01 06:25:38.157,100159,,buy,0.02332,4.17,0.0972444
2025-07-01 06:25:38.157,100160,,buy,0.02332,4.16,0.0970112
2025-07-01 06:25:38.157,100161,,buy,0.02332,0.04,0.0009328
2025-07-01 06:25:38.157,100162,,buy,0.02332,4.17,0.0972444
2025-07-01 06:25:38.157,100163,,buy,0.02332,4.17,0.0972444
2025-07-01 06:25:38.157,100164,,buy,0.02332,4.17,0.0972444
2025-07-01 06:25:38.157,100165,,buy,0.02332,4.17,0.0972444
2025-07-01 06:25:38.157,100166,,buy,0.02332,0.02,0.0004664
2025-07-01 06:25:38.157,100167,,buy,0.02332,4.17,0.0972444
2025-07-01 06:25:38.157,100168,,buy,0.02332,4.17,0.0972444
2025-07-01 06:25:38.157,100169,,buy,0.02332,4.17,0.0972444
2025-07-01 06:25:38.157,100170,,buy,0.02332,4.17,0.0972444
2025-07-01 06:25:38.157,100171,,buy,0.02332,4.17,0.0972444
2025-07-01 06:25:38.157,100172,,buy,0.02332,4.17,0.0972444
2025-07-01 06:25:38.157,100173,,buy,0.02332,4.17,0.0972444
2025-07-01 06:25:38.157,100174,,buy,0.02332,4.17,0.0972444
2025-07-01 06:25:38.157,100175,,buy,0.02332,4.17,0.0972444
2025-07-01 06:25:38.157,100176,,buy,0.02332,2.37,0.0552684
2025-07-01 06:25:42.760,100177,,buy,0.02332,1.8,0.041976
2025-07-01 06:25:42.760,100178,,buy,0.02332,4.17,0.0972444
2025-07-01 06:25:42.760,100179,,buy,0.02332,4.17,0.0972444
2025-07-01 06:25:42.760,100180,,buy,0.02332,4.17,0.0972444
2025-07-01 06:25:42.760,100181,,buy,0.02332,6.54,0.1525128
2025-07-01 06:25:42.760,100182,,buy,0.02332,0.04,0.0009328
2025-07-01 06:25:42.760,100183,,buy,0.02332,4.17,0.0972444
2025-07-01 06:25:42.760,100184,,buy,0.02332,4.17,0.0972444
2025-07-01 06:25:42.760,100185,,buy,0.02332,4.17,0.0972444
2025-07-01 06:25:42.760,100186,,buy,0.02332,4.17,0.0972444
2025-07-01 06:25:42.760,100187,,buy,0.02332,4.17,0.0972444
2025-07-01 06:27:19.769,100188,,sell,0.02332,694.22,16.1892104
2025-07-01 06:27:19.770,100189,,sell,0.02332,114.04,2.6594128
2025-07-01 06:27:19.770,100190,,sell,0.02331,368.02,8.5785462
2025-07-01 06:27:19.771,100191,,sell,0.02331,378.79,8.8295949
2025-07-01 06:27:19.773,100192,,sell,0.0233,1194.81,27.839073
2025-07-01 06:27:19.776,100193,,sell,0.02332,694.17,16.1880444
2025-07-01 06:27:19.776,100194,,sell,0.02332,684.2,15.955544
2025-07-01 06:27:19.779,100195,,sell,0.02332,19.33,0.4507756
2025-07-01 06:27:19.779,100196,,sell,0.0233,920.93,21.457669
2025-07-01 06:27:19.782,100197,,sell,0.0233,826.33,19.253489
2025-07-01 06:27:19.784,100198,,sell,0.0233,459.1,10.69703
2025-07-01 06:27:19.784,100199,,sell,0.0233,40.42,0.941786
2025-07-01 06:27:19.787,100200,,sell,0.02332,1397.7,32.594364
2025-07-01 06:27:19.787,100201,,sell,0.02329,151.92,3.5382168
2025-07-01 06:27:19.800,100202,,sell,0.02329,1397.7,32.552433
2025-07-01 06:27:19.807,100203,,sell,0.02325,580.0,13.485
2025-07-01 06:27:19.808,100204,,sell,0.02325,653.23,15.1875975
2025-07-01 06:27:19.808,100205,,sell,0.02324,2129.29,49.4846996
2025-07-01 06:27:19.821,100206,,sell,0.02324,22.17,0.5152308
2025-07-01 06:27:19.821,100207,,sell,0.02323,301.01,6.9924623
2025-07-01 06:27:19.824,100208,,sell,0.02317,1793.11,41.5463587
2025-07-01 06:27:19.836,100209,,sell,0.02317,1072.88,24.8586296
2025-07-01 06:27:19.846,100210,,sell,0.02318,616.6,14.292788
2025-07-01 06:27:19.850,100211,,sell,0.02318,1220.35,28.287713
2025-07-01 06:27:19.928,100212,,buy,0.02317,860.77,19.9440409
2025-07-01 06:27:19.937,100213,,sell,0.02307,4978.16,114.8461512
2025-07-01 06:27:19.941,100214,,buy,0.02305,1319.99,30.4257695
2025-07-01 06:27:19.948,100215,,buy,0.02316,462.84,10.7193744
2025-07-01 06:27:19.950,100216,,buy,0.02316,1245.71,28.8506436
2025-07-01 06:27:19.980,100217,,sell,0.02301,1715.83,39.4812483
2025-07-01 06:27:19.980,100218,,sell,0.02301,1064.17,24.4865517
2025-07-01 06:27:20.157,100219,,sell,0.02304,240.56,5.5425024
2025-07-01 06:27:20.211,100220,,sell,0.02303,877.81,20.2159643
2025-07-01 06:27:20.915,100221,,sell,0.02303,404.5,9.315635
2025-07-01 06:27:22.247,100222,,buy,0.0231,1544.51,35.678181
2025-07-01 06:27:22.248,100223,,buy,0.0231,2146.84,49.592004
2025-07-01 06:27:22.248,100224,,buy,0.0231,1059.88,24.483228
2025-07-01 06:27:22.248,100225,,buy,0.02311,1726.81,39.9065791
2025-07-01 06:27:22.248,100226,,buy,0.02311,1188.1,27.456991
2025-07-01 06:27:22.255,100227,,buy,0.0231,2113.91,48.831321
2025-07-01 06:27:22.323,100228,,buy,0.0231,305.01,7.045731
2025-07-01 06:27:22.323,100229,,buy,0.02312,1427.06,32.9936272
2025-07-01 06:27:22.477,100230,,sell,0.02291,838.09,19.2006419
2025-07-01 06:27:27.708,100231,,buy,0.02316,911.97,21.1212252
2025-07-01 06:27:27.708,100232,,buy,0.02317,1732.3,40.137391
2025-07-01 06:27:27.708,100233,,buy,0.02327,2146.84,49.9569668
2025-07-01 06:27:27.708,100234,,buy,0.02327,260.03,6.0508981
2025-07-01 06:27:53.318,100235,,buy,0.02318,2285.47,52.9771946
2025-07-01 06:28:47.320,100236,,buy,0.02323,86.09,1.9998707
2025-07-01 06:29:02.938,100237,,buy,0.02312,715.34,16.5386608
2025-07-01 06:29:08.745,100238,,buy,0.02325,62.79,1.4598675
2025-07-01 06:29:27.357,100239,,buy,0.0232,86.02,1.995664
2025-07-01 06:29:40.443,100240,,sell,0.02312,172.63,3.9912056
2025-07-01 06:29:40.443,100241,,sell,0.02309,527.96,12.1905964
2025-07-01 06:30:20.271,100242,,buy,0.02309,514.41,11.8777269
2025-07-01 06:30:42.448,100243,,buy,0.02309,1026.95,23.7122755
2025-07-01 06:31:18.737,100244,,buy,0.02309,99.26,2.2919134
2025-07-01 06:31:20.101,100245,,buy,0.02319,1179.07,27.3426333
2025-07-01 06:33:32.184,100246,,sell,0.02317,1027.03,23.7962851
2025-07-01 06:34:49.184,100247,,buy,0.02333,958.2,22.354806
2025-07-01 06:34:49.186,100248,,buy,0.02333,189.8,4.428034
2025-07-01 06:34:49.186,100249,,buy,0.02334,53.59,1.2507906
2025-07-01 06:34:49.188,100250,,buy,0.02334,2046.19,47.7580746
2025-07-01 06:34:49.188,100251,,buy,0.02334,741.01,17.2951734
2025-07-01 06:34:49.192,100252,,buy,0.02334,2075.69,48.4466046
2025-07-01 06:34:49.192,100253,,buy,0.02334,1349.5,31.49733
2025-07-01 06:34:49.192,100254,,buy,0.02334,94.55,2.206797
2025-07-01 06:34:49.192,100255,,buy,0.02335,869.85,20.3109975
2025-07-01 06:34:49.193,100256,,buy,0.02335,929.2,21.69682
2025-07-01 06:34:49.196,100257,,sell,0.02334,3519.74,82.1507316
2025-07-01 06:34:49.196,100258,,sell,0.02333,1670.06,38.9624998
2025-07-01 06:34:49.196,100259,,buy,0.02335,314.7,7.348245
2025-07-01 06:34:49.197,100260,,buy,0.02337,1754.06,40.9923822
2025-07-01 06:34:49.197,100261,,buy,0.02338,350.58,8.1965604
2025-07-01 06:34:49.310,100262,,sell,0.02342,3296.73,77.2094166
2025-07-01 06:34:49.310,100263,,sell,0.02342,2234.23,52.3256666
2025-07-01 06:34:50.212,100264,,sell,0.02334,1106.6,25.828044
2025-07-01 06:34:50.212,100265,,sell,0.02334,677.84,15.8207856
2025-07-01 06:34:51.968,100266,,sell,0.02336,112.54,2.6289344
2025-07-01 06:35:28.184,100267,,buy,0.02346,101.1,2.371806
2025-07-01 06:35:28.184,100268,,buy,0.02353,3410.44,80.2476532
2025-07-01 06:35:28.187,100269,,buy,0.02353,101.1,2.378883
2025-07-01 06:35:28.187,100270,,buy,0.02355,3227.73,76.0130415
2025-07-01 06:35:28.194,100271,,buy,0.02355,101.1,2.380905
2025-07-01 06:35:28.198,100272,,buy,0.02361,1459.19,34.4514759
2025-07-01 06:35:28.204,100273,,sell,0.0236,218.61,5.159196
2025-07-01 06:35:29.152,100274,,sell,0.02354,1769.67,41.6580318
2025-07-01 06:35:29.152,100275,,sell,0.02354,2185.88,51.4556152
2025-07-01 06:35:29.152,100276,,sell,0.02354,1603.51,37.7466254
2025-07-01 06:35:41.099,100277,,sell,0.02364,254.7,6.021108
2025-07-01 06:35:42.897,100278,,sell,0.02364,3426.4,81.000096
2025-07-01 06:36:44.619,100279,,sell,0.02355,771.24,18.162702
2025-07-01 06:37:18.716,100280,,sell,0.02345,820.39,19.2381455
2025-07-01 06:37:18.716,100281,,sell,0.02344,2162.62,50.6918128
2025-07-01 06:37:35.626,100282,,buy,0.02356,1590.55,37.473358
2025-07-01 06:37:35.626,100283,,buy,0.02357,2162.62,50.9729534
2025-07-01 06:37:35.626,100284,,buy,0.02359,1793.03,42.2975777
2025-07-01 06:37:35.626,100285,,buy,0.02359,432.92,10.2125828
2025-07-01 06:37:35.626,100286,,buy,0.02359,795.03,18.7547577
2025-07-01 06:37:35.774,100287,,sell,0.02359,4244.48,100.1272832
2025-07-01 06:37:35.774,100288,,sell,0.02359,2203.68,51.9848112
2025-07-01 06:37:54.884,100289,,sell,0.02352,1279.86,30.1023072
2025-07-01 06:38:22.638,100290,,buy,0.02364,1293.0,30.56652
2025-07-01 06:38:23.169,100291,,sell,0.02357,794.61,18.7289577
2025-07-01 06:38:23.169,100292,,sell,0.02356,1633.53,38.4859668
2025-07-01 06:38:23.181,100293,,buy,0.02352,377.42,8.8769184
2025-07-01 06:38:23.182,100294,,buy,0.02352,1538.32,36.1812864
2025-07-01 06:38:23.182,100295,,buy,0.02352,1865.03,43.8655056
2025-07-01 06:38:23.182,100296,,buy,0.02352,587.26,13.8123552
2025-07-01 06:38:23.184,100297,,buy,0.02352,635.13,14.9382576
2025-07-01 06:38:23.184,100298,,buy,0.02352,587.26,13.8123552
2025-07-01 06:38:23.186,100299,,buy,0.02352,876.96,20.6260992
2025-07-01 06:38:23.187,100300,,buy,0.02352,374.56,8.8096512
2025-07-01 06:38:23.188,100301,,buy,0.02352,410.11,9.6457872
2025-07-01 06:38:23.637,100302,,buy,0.02368,1247.97,29.5519296
2025-07-01 06:38:49.295,100303,,buy,0.02359,840.0,19.8156
2025-07-01 06:39:45.508,100304,,sell,0.0236,140.0,3.304
2025-07-01 06:39:45.508,100305,,sell,0.02354,148.68,3.4999272
2025-07-01 06:39:45.518,100306,,buy,0.02339,1762.84,41.2328276
2025-07-01 06:39:52.393,100307,,buy,0.02363,1220.0,28.8286
2025-07-01 06:40:05.881,100308,,sell,0.02352,237.29,5.5810608
2025-07-01 06:40:05.882,100309,,sell,0.02352,363.89,8.5586928
2025-07-01 06:40:05.884,100310,,sell,0.02352,1561.44,36.7250688
2025-07-01 06:40:05.885,100311,,sell,0.02348,1361.88,31.9769424
2025-07-01 06:40:05.885,100312,,sell,0.02347,2882.43,67.6506321
2025-07-01 06:40:05.894,100313,,sell,0.02347,1361.88,31.9633236
2025-07-01 06:40:05.894,100314,,sell,0.02342,892.67,20.9063314
2025-07-01 06:40:05.894,100315,,sell,0.02342,84.96,1.9897632
2025-07-01 06:40:05.897,100316,,buy,0.02348,1361.88,31.9769424
2025-07-01 06:40:05.923,100317,,sell,0.02334,783.14,18.2784876
2025-07-01 06:40:05.923,100318,,sell,0.02334,76.86,1.7939124
2025-07-01 06:40:16.617,100319,,sell,0.02333,148.68,3.4687044
2025-07-01 06:40:20.524,100320,,sell,0.02333,44.54,1.0391182
2025-07-01 06:40:20.977,100321,,buy,0.02345,2204.54,51.696463
2025-07-01 06:40:20.977,100322,,buy,0.02346,1752.6,41.115996
2025-07-01 06:40:20.977,100323,,buy,0.02346,1591.68,37.3408128
2025-07-01 06:40:20.977,100324,,buy,0.02346,2162.62,50.7350652
2025-07-01 06:40:20.977,100325,,buy,0.02346,2041.89,47.9027394
2025-07-01 06:40:29.236,100326,,buy,0.02344,5000.0,117.2
2025-07-01 06:40:29.236,100327,,buy,0.02344,1688.2,39.571408
2025-07-01 06:40:29.236,100328,,buy,0.02345,1149.94,26.966093
2025-07-01 06:40:30.724,100329,,buy,0.02347,783.14,18.3802958
2025-07-01 06:40:30.724,100330,,buy,0.02351,4244.48,99.7877248
2025-07-01 06:40:30.724,100331,,buy,0.02359,1227.95,28.9673405
2025-07-01 06:40:30.724,100332,,buy,0.02359,3255.92,76.8071528
2025-07-01 06:40:30.724,100333,,buy,0.0236,999.75,23.5941
2025-07-01 06:40:50.919,100334,,sell,0.02342,729.3,17.080206
2025-07-01 06:42:00.586,100335,,sell,0.02348,437.27,10.2670996
2025-07-01 06:42:17.702,100336,,sell,0.02347,760.98,17.8602006
2025-07-01 06:42:36.394,100337,,buy,0.02369,729.46,17.2809074
2025-07-01 06:42:36.394,100338,,buy,0.0237,137.72,3.263964
2025-07-01 06:42:36.398,100339,,buy,0.0237,915.48,21.696876
2025-07-01 06:42:38.094,100340,,sell,0.02363,2805.71,66.2989273
2025-07-01 06:42:38.094,100341,,sell,0.02363,2230.06,52.6963178
2025-07-01 06:42:38.094,100342,,sell,0.02363,1287.19,30.4162997
2025-07-01 06:43:09.101,100343,,sell,0.02354,2230.5,52.50597
2025-07-01 06:43:09.368,100344,,sell,0.02358,159.42,3.7591236
2025-07-01 06:43:35.729,100345,,buy,0.0237,230.7,5.46759
2025-07-01 06:43:37.262,100346,,sell,0.02356,372.3,8.771388
2025-07-01 06:44:17.217,100347,,buy,0.02373,1584.8,37.607304
2025-07-01 06:44:17.217,100348,,buy,0.02374,3387.42,80.4173508
2025-07-01 06:44:17.217,100349,,buy,0.02374,2259.96,53.6514504
2025-07-01 06:44:17.217,100350,,buy,0.02376,372.3,8.845848
2025-07-01 06:44:17.247,100351,,buy,0.02373,1691.67,40.1433291
2025-07-01 06:44:20.275,100352,,sell,0.02372,1400.0,33.208
2025-07-01 06:44:26.186,100353,,sell,0.02372,1400.0,33.208
2025-07-01 06:44:37.312,100354,,buy,0.0238,168.06,3.999828
2025-07-01 06:44:42.030,100355,,sell,0.02372,1400.0,33.208
2025-07-01 06:44:42.190,100356,,buy,0.0238,43.74,1.041012
2025-07-01 06:44:49.531,100357,,sell,0.02364,1362.0,32.19768
2025-07-01 06:44:50.215,100358,,buy,0.02378,131.5,3.12707
2025-07-01 06:45:04.124,100359,,sell,0.02373,798.6,18.950778
2025-07-01 06:45:49.522,100360,,sell,0.02357,585.19,13.7929283
2025-07-01 06:45:49.523,100361,,sell,0.02356,2104.37,49.5789572
2025-07-01 06:45:49.523,100362,,sell,0.02356,4244.48,99.9999488
2025-07-01 06:45:49.523,100363,,sell,0.02355,1584.21,37.3081455
2025-07-01 06:46:13.480,100364,,sell,0.02356,1544.94,36.3987864
2025-07-01 06:46:15.243,100365,,sell,0.02349,149.98,3.5230302
2025-07-01 06:46:38.991,100366,,buy,0.02365,1257.75,29.7457875
2025-07-01 06:46:38.991,100367,,buy,0.02365,3351.01,79.2513865
2025-07-01 06:46:38.991,100368,,buy,0.02365,2261.66,53.488259
2025-07-01 06:46:38.991,100369,,buy,0.02365,4244.48,100.381952
2025-07-01 06:46:38.991,100370,,buy,0.02365,2104.37,49.7683505
2025-07-01 06:46:38.991,100371,,buy,0.02366,1674.55,39.619853
2025-07-01 06:46:38.991,100372,,buy,0.02366,5000.0,118.3
2025-07-01 06:46:38.991,100373,,buy,0.02368,700.28,16.5826304
2025-07-01 06:46:38.991,100374,,buy,0.02376,2500.0,59.4
2025-07-01 06:46:38.991,100375,,buy,0.02381,1725.31,41.0796311
2025-07-01 06:46:38.991,100376,,buy,0.02382,385.07,9.1723674
2025-07-01 06:46:38.991,100377,,buy,0.02383,934.06,22.2586498
2025-07-01 06:46:39.741,100378,,buy,0.02385,1628.39,38.8371015
2025-07-01 06:46:39.741,100379,,buy,0.02385,5000.0,119.25
2025-07-01 06:46:39.741,100380,,buy,0.02386,1311.28,31.2871408
2025-07-01 06:46:39.741,100381,,buy,0.02387,1752.0,41.82024
2025-07-01 06:46:39.741,100382,,buy,0.02388,845.74,20.1962712
2025-07-01 06:46:39.741,100383,,buy,0.02391,1644.78,39.3266898
2025-07-01 06:46:39.741,100384,,buy,0.02395,447.9,10.727205
2025-07-01 06:46:39.741,100385,,buy,0.02395,1779.0,42.60705
2025-07-01 06:46:39.742,100386,,buy,0.024,2500.0,60.0
2025-07-01 06:46:39.742,100387,,buy,0.02404,1117.77,26.8711908
2025-07-01 06:46:39.742,100388,,buy,0.02409,1773.81,42.7310829
2025-07-01 06:46:39.742,100389,,buy,0.02417,1145.78,27.6935026
2025-07-01 06:46:39.742,100390,,buy,0.02423,575.22,13.9375806
2025-07-01 06:46:39.742,100391,,buy,0.0243,1019.57,24.775551
2025-07-01 06:46:39.742,100392,,buy,0.02439,4978.16,121.4173224
2025-07-01 06:46:39.742,100393,,buy,0.0244,930.91,22.714204
2025-07-01 06:46:39.742,100394,,buy,0.0244,307.91,7.513004
2025-07-01 06:46:43.498,100395,,sell,0.02404,623.97,15.0002388
2025-07-01 06:46:43.500,100396,,sell,0.02404,2806.47,67.4675388
2025-07-01 06:46:43.500,100397,,sell,0.02404,1266.77,30.4531508
2025-07-01 06:46:43.505,100398,,sell,0.02403,2083.33,50.0624199
2025-07-01 06:46:43.508,100399,,sell,0.02403,254.56,6.1170768
2025-07-01 06:46:43.508,100400,,sell,0.02402,1849.81,44.4324362
2025-07-01 06:46:50.364,100401,,sell,0.02401,1040.0,24.9704
2025-07-01 06:46:50.367,100402,,sell,0.02401,1040.0,24.9704
2025-07-01 06:46:59.957,100403,,sell,0.024,13521.19,324.50856
2025-07-01 06:47:34.121,100404,,sell,0.02387,1400.0,33.418
2025-07-01 06:47:36.060,100405,,buy,0.024,55.78,1.33872
2025-07-01 06:47:36.089,100406,,sell,0.02402,929.2,22.319384
2025-07-01 06:47:36.089,100407,,sell,0.02402,55.02,1.3215804
2025-07-01 06:47:36.454,100408,,sell,0.02388,492.08,11.7508704
2025-07-01 06:47:53.956,100409,,sell,0.02388,669.83,15.9955404
2025-07-01 06:48:42.532,100410,,sell,0.02391,863.02,20.6348082
2025-07-01 06:48:49.595,100411,,buy,0.02401,1400.32,33.6216832
2025-07-01 06:48:49.595,100412,,buy,0.02401,2104.37,50.5259237
2025-07-01 06:48:49.595,100413,,buy,0.02411,3409.75,82.2090725
2025-07-01 06:48:49.595,100414,,buy,0.02411,1321.64,31.8647404
2025-07-01 06:48:50.230,100415,,buy,0.0242,1359.53,32.900626
2025-07-01 06:48:50.230,100416,,buy,0.02421,907.67,21.9746907
2025-07-01 06:48:50.230,100417,,buy,0.02421,2336.7,56.571507
2025-07-01 06:48:50.230,100418,,buy,0.02421,1278.29,30.9474009
2025-07-01 06:48:50.230,100419,,buy,0.02426,1783.5,43.26771
2025-07-01 06:48:50.230,100420,,buy,0.02428,1670.88,40.5689664
2025-07-01 06:48:50.230,100421,,buy,0.02429,2500.0,60.725
2025-07-01 06:48:50.230,100422,,buy,0.02439,385.64,9.4057596
2025-07-01 06:48:50.230,100423,,buy,0.0244,1742.81,42.524564
2025-07-01 06:48:50.230,100424,,buy,0.02443,1028.26,25.1203918
2025-07-01 06:48:50.230,100425,,buy,0.02454,441.7,10.839318
2025-07-01 06:48:51.478,100426,,sell,0.02406,466.12,11.2148472
2025-07-01 06:48:51.478,100427,,sell,0.02406,585.81,14.0945886
2025-07-01 06:48:52.421,100428,,sell,0.02412,1400.0,33.768
2025-07-01 06:48:58.362,100429,,sell,0.02421,1400.0,33.894
2025-07-01 06:49:12.722,100430,,sell,0.02415,1400.0,33.81
2025-07-01 06:49:14.862,100431,,buy,0.02425,1406.23,34.1010775
2025-07-01 06:49:33.039,100432,,sell,0.02411,1560.0,37.6116
2025-07-01 06:49:33.130,100433,,sell,0.02412,675.46,16.2920952
2025-07-01 06:49:33.153,100434,,sell,0.0241,1324.97,31.931777
2025-07-01 06:49:33.153,100435,,sell,0.0241,2104.37,50.715317
2025-07-01 06:49:33.760,100436,,sell,0.02395,1123.67,26.9118965
2025-07-01 06:49:33.760,100437,,sell,0.02394,2104.31,50.3771814
2025-07-01 06:49:33.760,100438,,sell,0.02394,1864.95,44.646903
2025-07-01 06:50:11.155,100439,,buy,0.02407,188.83,4.5451381
2025-07-01 06:50:11.790,100440,,buy,0.02403,189.63,4.5568089
2025-07-01 06:51:28.535,100441,,buy,0.02387,755.7,18.038559
2025-07-01 06:52:08.950,100442,,buy,0.02395,167.39,4.0089905
2025-07-01 06:52:14.056,100443,,buy,0.0241,49.21,1.185961
2025-07-01 06:52:14.056,100444,,buy,0.02415,2104.37,50.8205355
2025-07-01 06:52:14.056,100445,,buy,0.02415,1675.44,40.461876
2025-07-01 06:52:14.056,100446,,buy,0.02416,2500.0,60.4
2025-07-01 06:52:14.056,100447,,buy,0.02417,839.26,20.2849142
2025-07-01 06:52:14.056,100448,,buy,0.02417,2313.57,55.9189869
2025-07-01 06:52:14.056,100449,,buy,0.02419,3471.64,83.9789716
2025-07-01 06:52:14.056,100450,,buy,0.02422,377.81,9.1505582
2025-07-01 06:52:14.056,100451,,buy,0.02423,806.18,19.5337414
2025-07-01 06:52:14.056,100452,,buy,0.02428,459.26,11.1508328
2025-07-01 06:52:22.548,100453,,sell,0.02405,572.47,13.7679035
2025-07-01 06:52:22.770,100454,,sell,0.02406,473.24,11.3861544
2025-07-01 06:52:22.775,100455,,sell,0.02406,473.24,11.3861544
2025-07-01 06:52:56.217,100456,,sell,0.024,1400.0,33.6
2025-07-01 06:53:48.327,100457,,sell,0.02396,800.32,19.1756672
2025-07-01 06:54:01.452,100458,,buy,0.02412,105.67,2.5487604
2025-07-01 06:54:11.265,100459,,buy,0.02406,243.14,5.8499484
2025-07-01 06:54:45.253,100460,,buy,0.02405,150.0,3.6075
2025-07-01 06:54:45.253,100461,,buy,0.02405,57.9,1.392495
2025-07-01 06:54:45.687,100462,,sell,0.0239,2445.27,58.441953
2025-07-01 06:54:45.687,100463,,sell,0.02388,4191.11,100.0837068
2025-07-01 06:54:45.687,100464,,sell,0.02387,250.65,5.9830155
2025-07-01 06:55:34.397,100465,,sell,0.02384,71.54,1.7055136
2025-07-01 06:56:36.168,100466,,sell,0.02379,44.49,1.0584171
2025-07-01 06:57:53.896,100467,,buy,0.02383,1287.9,30.690657
2025-07-01 06:59:28.828,100468,,buy,0.02383,825.49,19.6714267
2025-07-01 07:00:15.051,100469,,buy,0.02383,292.72,6.9755176
2025-07-01 07:00:15.051,100470,,buy,0.02387,2100.39,50.1363093
2025-07-01 07:00:15.051,100471,,buy,0.02388,4191.11,100.0837068
2025-07-01 07:00:15.051,100472,,buy,0.02388,904.01,21.5877588
2025-07-01 07:00:28.325,100473,,sell,0.02381,92.77,2.2088537
2025-07-01 07:01:32.398,100474,,sell,0.02378,127.2,3.024816
2025-07-01 07:01:35.539,100475,,sell,0.02387,53.34,1.2732258
2025-07-01 07:02:53.607,100476,,sell,0.02388,189.41,4.5231108
2025-07-01 07:02:53.607,100477,,sell,0.02388,404.37,9.6563556
2025-07-01 07:02:53.608,100478,,sell,0.02388,840.26,20.0654088
2025-07-01 07:02:53.608,100479,,sell,0.02385,137.64,3.282714
2025-07-01 07:02:53.608,100480,,sell,0.02385,410.11,9.7811235
2025-07-01 07:02:53.618,100481,,sell,0.02385,201.27,4.8002895
2025-07-01 07:02:53.627,100482,,sell,0.02384,903.9,21.548976
2025-07-01 07:02:53.628,100483,,sell,0.02384,1196.49,28.5243216
2025-07-01 07:02:53.684,100484,,sell,0.02383,1720.0,40.9876
2025-07-01 07:02:53.686,100485,,sell,0.02383,547.61,13.0495463
2025-07-01 07:02:53.686,100486,,sell,0.02383,1580.14,37.6547362
2025-07-01 07:02:53.686,100487,,sell,0.02383,343.36,8.1822688
2025-07-01 07:02:53.697,100488,,sell,0.02382,1095.23,26.0883786
2025-07-01 07:02:53.700,100489,,sell,0.02382,484.91,11.5505562
2025-07-01 07:02:53.700,100490,,sell,0.02379,15.09,0.3589911
2025-07-01 07:02:53.707,100491,,sell,0.02379,1509.72,35.9162388
2025-07-01 07:02:53.754,100492,,sell,0.02378,127.2,3.024816
2025-07-01 07:02:53.822,100493,,sell,0.02364,294.31,6.9574884
2025-07-01 07:02:53.822,100494,,sell,0.02363,9.49,0.2242487
2025-07-01 07:02:54.251,100495,,sell,0.02363,151.26,3.5742738
2025-07-01 07:02:54.251,100496,,sell,0.02363,638.82,15.0953166
2025-07-01 07:02:54.262,100497,,sell,0.02363,252.6,5.968938
2025-07-01 07:02:55.171,100498,,buy,0.0237,2220.39,52.623243
2025-07-01 07:02:55.171,100499,,buy,0.0237,4191.11,99.329307
2025-07-01 07:02:55.172,100500,,buy,0.02371,3282.42,77.8261782
2025-07-01 07:02:55.172,100501,,buy,0.02371,1532.96,36.3464816
2025-07-01 07:02:55.172,100502,,buy,0.02371,1184.67,28.0885257
2025-07-01 07:02:55.174,100503,,buy,0.02372,2100.39,49.8212508
2025-07-01 07:02:55.757,100504,,sell,0.02358,101.29,2.3884182
2025-07-01 07:02:55.849,100505,,sell,0.0236,1507.38,35.574168
2025-07-01 07:02:55.849,100506,,sell,0.0236,571.62,13.490232
2025-07-01 07:02:59.228,100507,,buy,0.02376,287.43,6.8293368
2025-07-01 07:02:59.228,100508,,buy,0.02376,1554.7,36.939672
2025-07-01 07:02:59.228,100509,,buy,0.02376,2083.93,49.5141768
2025-07-01 07:02:59.228,100510,,buy,0.02376,730.12,17.3476512
2025-07-01 07:02:59.228,100511,,buy,0.02376,1052.09,24.9976584
2025-07-01 07:02:59.228,100512,,buy,0.02385,2099.23,50.0666355
2025-07-01 07:02:59.228,100513,,buy,0.02389,21.05,0.5028845
2025-07-01 07:03:02.185,100514,,sell,0.02373,446.33,10.5914109
2025-07-01 07:03:02.191,100515,,sell,0.02373,627.2,14.883456
2025-07-01 07:03:06.653,100516,,sell,0.02372,457.98,10.8632856
2025-07-01 07:03:06.673,100517,,sell,0.02373,357.07,8.4732711
2025-07-01 07:03:06.675,100518,,sell,0.02373,845.7,20.068461
2025-07-01 07:03:06.677,100519,,sell,0.02373,598.62,14.2052526
2025-07-01 07:03:06.678,100520,,sell,0.02373,299.0,7.09527
2025-07-01 07:03:06.737,100521,,sell,0.02357,957.3,22.563561
2025-07-01 07:03:06.741,100522,,sell,0.02357,447.9,10.557003
2025-07-01 07:03:21.162,100523,,sell,0.02355,49.7,1.170435
2025-07-01 07:03:25.263,100524,,sell,0.02363,528.3,12.483729
2025-07-01 07:03:25.266,100525,,sell,0.02363,1002.4,23.686712
2025-07-01 07:03:26.165,100526,,buy,0.02363,1870.31,44.1954253
2025-07-01 07:03:39.660,100527,,buy,0.02363,2140.01,50.5684363
2025-07-01 07:03:43.042,100528,,sell,0.02366,811.54,19.2010364
2025-07-01 07:03:43.088,100529,,sell,0.02366,1722.1,40.744886
2025-07-01 07:03:51.558,100530,,buy,0.02363,2046.2,48.351706
2025-07-01 07:03:55.055,100531,,buy,0.02363,126.95,2.9998285
2025-07-01 07:04:09.295,100532,,sell,0.02357,57.21,1.3484397
2025-07-01 07:04:16.139,100533,,sell,0.02362,757.61,17.8947482
2025-07-01 07:04:16.139,100534,,sell,0.02361,76.39,1.8035679
2025-07-01 07:04:36.013,100535,,buy,0.02354,2221.08,52.2842232
2025-07-01 07:04:36.013,100536,,buy,0.02355,3216.69,75.7530495
2025-07-01 07:04:36.013,100537,,buy,0.02357,331.47,7.8127479
2025-07-01 07:04:46.743,100538,,sell,0.02361,1230.93,29.0622573
2025-07-01 07:04:46.743,100539,,sell,0.0236,824.68,19.462448
2025-07-01 07:04:46.743,100540,,sell,0.0236,201.99,4.766964
2025-07-01 07:04:47.221,100541,,sell,0.02346,1633.53,38.3226138
2025-07-01 07:05:02.522,100542,,sell,0.02347,706.23,16.5752181
2025-07-01 07:05:03.306,100543,,sell,0.02347,1906.14,44.7371058
2025-07-01 07:05:05.323,100544,,sell,0.02344,604.66,14.1732304
2025-07-01 07:05:05.323,100545,,sell,0.02343,4191.11,98.1977073
2025-07-01 07:05:05.323,100546,,sell,0.02343,1635.64,38.3230452
2025-07-01 07:05:19.889,100547,,sell,0.02334,390.46,9.1133364
2025-07-01 07:05:28.645,100548,,buy,0.02345,1268.85,29.7545325
2025-07-01 07:05:32.867,100549,,sell,0.02338,3682.68,86.1010584
2025-07-01 07:05:32.882,100550,,sell,0.02336,375.88,8.7805568
2025-07-01 07:05:32.883,100551,,sell,0.02336,329.35,7.693616
2025-07-01 07:05:32.887,100552,,buy,0.02337,5000.0,116.85
2025-07-01 07:05:32.888,100553,,sell,0.02336,393.48,9.1916928
2025-07-01 07:05:34.557,100554,,sell,0.02333,416.0,9.70528
2025-07-01 07:06:07.473,100555,,sell,0.02333,1271.59,29.6661947
2025-07-01 07:06:07.496,100556,,sell,0.02333,1025.7,23.929581
2025-07-01 07:06:30.104,100557,,sell,0.02333,243.22,5.6743226
2025-07-01 07:06:57.391,100558,,sell,0.02333,780.0,18.1974
2025-07-01 07:07:04.646,100559,,sell,0.02333,260.0,6.0658
2025-07-01 07:07:13.549,100560,,sell,0.02337,337.44,7.8859728
2025-07-01 07:07:13.792,100561,,sell,0.02333,90.27,2.1059991
2025-07-01 07:07:14.073,100562,,sell,0.02316,404.11,9.3591876
2025-07-01 07:07:15.598,100563,,sell,0.02307,168.73,3.8926011
2025-07-01 07:07:15.807,100564,,buy,0.02329,3092.16,72.0164064
2025-07-01 07:07:15.807,100565,,buy,0.02329,2244.01,52.2629929
2025-07-01 07:07:15.807,100566,,buy,0.0233,1135.37,26.454121
2025-07-01 07:07:15.807,100567,,buy,0.0233,151.31,3.525523
2025-07-01 07:07:17.121,100568,,sell,0.02318,166.36,3.8562248
2025-07-01 07:07:21.935,100569,,sell,0.0234,151.3,3.54042
2025-07-01 07:07:21.935,100570,,sell,0.0234,472.7,11.06118
2025-07-01 07:07:55.879,100571,,sell,0.02339,84.49,1.9762211
2025-07-01 07:08:40.664,100572,,sell,0.02341,155.03,3.6292523
2025-07-01 07:09:14.557,100573,,sell,0.02335,503.67,11.7606945
2025-07-01 07:10:05.711,100574,,buy,0.02333,428.63,9.9999379
2025-07-01 07:10:11.627,100575,,buy,0.02333,428.63,9.9999379
2025-07-01 07:10:12.994,100576,,buy,0.02334,428.44,9.9997896
2025-07-01 07:10:14.480,100577,,buy,0.02333,428.63,9.9999379
2025-07-01 07:10:20.761,100578,,buy,0.02333,428.63,9.9999379
2025-07-01 07:10:20.769,100579,,sell,0.02333,1176.57,27.4493781
2025-07-01 07:10:39.745,100580,,buy,0.02331,858.0,19.99998
2025-07-01 07:10:39.745,100581,,buy,0.02334,388.65,9.071091
2025-07-01 07:10:39.745,100582,,buy,0.02335,474.78,11.086113
2025-07-01 07:10:39.745,100583,,buy,0.02335,388.65,9.0749775
2025-07-01 07:10:39.745,100584,,buy,0.02338,1307.62,30.5721556
2025-07-01 07:10:39.745,100585,,buy,0.02338,910.07,21.2774366
2025-07-01 07:10:39.745,100586,,buy,0.02343,2100.39,49.2121377
2025-07-01 07:10:39.745,100587,,buy,0.02343,4278.07,100.2351801
2025-07-01 07:10:39.745,100588,,buy,0.02344,2.14,0.0501616
2025-07-01 07:11:03.688,100589,,buy,0.02332,0.32,0.0074624
2025-07-01 07:11:03.688,100590,,buy,0.02332,0.19,0.0044308
2025-07-01 07:11:03.688,100591,,buy,0.02332,6.58,0.1534456
2025-07-01 07:11:03.688,100592,,buy,0.02332,0.32,0.0074624
2025-07-01 07:11:03.688,100593,,buy,0.02332,0.01,0.0002332
2025-07-01 07:11:03.688,100594,,buy,0.02332,697.48,16.2652336
2025-07-01 07:11:04.035,100595,,sell,0.02333,0.14,0.0032662
2025-07-01 07:11:04.037,100596,,sell,0.02334,0.04,0.0009336
2025-07-01 07:11:04.037,100597,,sell,0.02334,6.58,0.1535772
2025-07-01 07:11:06.128,100598,,sell,0.02331,86.46,2.0153826
2025-07-01 07:11:11.930,100599,,sell,0.02329,303.98,7.0796942
2025-07-01 07:11:17.041,100600,,sell,0.02329,14.76,0.3437604
2025-07-01 07:11:17.042,100601,,sell,0.02329,3.28,0.0763912
2025-07-01 07:11:17.042,100602,,sell,0.02329,0.01,0.0002329
2025-07-01 07:11:17.042,100603,,sell,0.02329,1.36,0.0316744
2025-07-01 07:11:19.041,100604,,sell,0.02329,44.32,1.0322128
2025-07-01 07:11:19.047,100605,,sell,0.02329,0.06,0.0013974
2025-07-01 07:11:38.087,100606,,sell,0.02324,6.58,0.1529192
2025-07-01 07:11:38.087,100607,,sell,0.02324,6.58,0.1529192
2025-07-01 07:11:38.090,100608,,sell,0.02323,3.33,0.0773559
2025-07-01 07:11:38.091,100609,,sell,0.02323,6.61,0.1535503
2025-07-01 07:11:39.035,100610,,sell,0.02327,4.18,0.0972686
2025-07-01 07:11:39.035,100611,,sell,0.02327,4.18,0.0972686
2025-07-01 07:11:39.035,100612,,sell,0.02327,4.18,0.0972686
2025-07-01 07:11:39.035,100613,,sell,0.02327,0.03,0.0006981
2025-07-01 07:11:39.035,100614,,sell,0.02327,4.18,0.0972686
2025-07-01 07:11:44.557,100615,,buy,0.02322,4.18,0.0970596
2025-07-01 07:11:44.557,100616,,buy,0.02322,4.18,0.0970596
2025-07-01 07:11:44.557,100617,,buy,0.02322,4.18,0.0970596
2025-07-01 07:11:44.557,100618,,buy,0.02322,4.18,0.0970596
2025-07-01 07:11:44.557,100619,,buy,0.02322,4.18,0.0970596
2025-07-01 07:11:44.557,100620,,buy,0.02322,4.18,0.0970596
2025-07-01 07:11:44.557,100621,,buy,0.02322,4.18,0.0970596
2025-07-01 07:11:44.557,100622,,buy,0.02322,0.38,0.0088236
2025-07-01 07:11:44.557,100623,,buy,0.02322,4.18,0.0970596
2025-07-01 07:11:44.557,100624,,buy,0.02322,4.18,0.0970596
2025-07-01 07:11:44.557,100625,,buy,0.02322,0.16,0.0037152
2025-07-01 07:11:44.557,100626,,buy,0.02322,0.01,0.0002322
2025-07-01 07:11:44.557,100627,,buy,0.02322,0.09,0.0020898
2025-07-01 07:11:44.557,100628,,buy,0.02322,4.92,0.1142424
2025-07-01 07:11:44.557,100629,,buy,0.02322,4.18,0.0970596
2025-07-01 07:11:44.557,100630,,buy,0.02322,4.18,0.0970596
2025-07-01 07:11:44.557,100631,,buy,0.02322,4.18,0.0970596
2025-07-01 07:11:44.557,100632,,buy,0.02322,2.01,0.0466722
2025-07-01 07:11:44.557,100633,,buy,0.02322,0.06,0.0013932
2025-07-01 07:11:44.557,100634,,buy,0.02322,0.22,0.0051084
2025-07-01 07:11:44.557,100635,,buy,0.02322,3.93,0.0912546
2025-07-01 07:11:44.557,100636,,buy,0.02322,4.18,0.0970596
2025-07-01 07:11:44.557,100637,,buy,0.02322,4.18,0.0970596
2025-07-01 07:11:45.033,100638,,sell,0.02323,4.18,0.0971014
2025-07-01 07:11:45.034,100639,,sell,0.02323,4.18,0.0971014
2025-07-01 07:11:45.084,100640,,sell,0.02324,0.02,0.0004648
2025-07-01 07:11:45.098,100641,,sell,0.02324,0.01,0.0002324
2025-07-01 07:11:45.102,100642,,sell,0.02324,0.07,0.0016268
2025-07-01 07:11:46.034,100643,,sell,0.02327,2.35,0.0546845
2025-07-01 07:11:46.034,100644,,sell,0.02327,4.18,0.0972686
2025-07-01 07:11:50.837,100645,,buy,0.02325,0.02,0.000465
2025-07-01 07:11:50.837,100646,,buy,0.02325,0.51,0.0118575
2025-07-01 07:11:50.837,100647,,buy,0.02325,4.18,0.097185
2025-07-01 07:11:50.837,100648,,buy,0.02325,4.18,0.097185
2025-07-01 07:11:50.837,100649,,buy,0.02325,4.18,0.097185
2025-07-01 07:11:50.837,100650,,buy,0.02325,0.39,0.0090675
2025-07-01 07:11:50.837,100651,,buy,0.02325,0.27,0.0062775
2025-07-01 07:11:50.837,100652,,buy,0.02325,0.02,0.000465
2025-07-01 07:11:50.837,100653,,buy,0.02325,4.18,0.097185
2025-07-01 07:11:50.837,100654,,buy,0.02325,3.28,0.07626
2025-07-01 07:11:50.837,100655,,buy,0.02325,0.43,0.0099975
2025-07-01 07:11:50.837,100656,,buy,0.02325,0.4,0.0093
2025-07-01 07:11:50.837,100657,,buy,0.02325,0.07,0.0016275
2025-07-01 07:11:50.837,100658,,buy,0.02328,0.04,0.0009312
2025-07-01 07:11:50.837,100659,,buy,0.02328,4.18,0.0973104
2025-07-01 07:11:50.837,100660,,buy,0.02328,4.18,0.0973104
2025-07-01 07:11:50.837,100661,,buy,0.02328,4.18,0.0973104
2025-07-01 07:11:50.837,100662,,buy,0.02328,4.18,0.0973104
2025-07-01 07:11:50.837,100663,,buy,0.02328,0.13,0.0030264
2025-07-01 07:11:50.837,100664,,buy,0.02328,3.3,0.076824
2025-07-01 07:11:50.837,100665,,buy,0.02328,0.09,0.0020952
2025-07-01 07:11:50.837,100666,,buy,0.02328,6.58,0.1531824
2025-07-01 07:11:50.837,100667,,buy,0.02328,6.58,0.1531824
2025-07-01 07:11:50.837,100668,,buy,0.02328,1.5,0.03492
2025-07-01 07:11:50.837,100669,,buy,0.02328,4.18,0.0973104
2025-07-01 07:11:50.837,100670,,buy,0.02328,4.18,0.0973104
2025-07-01 07:11:50.837,100671,,buy,0.02328,0.03,0.0006984
2025-07-01 07:11:50.837,100672,,buy,0.02328,4.18,0.0973104
2025-07-01 07:11:50.837,100673,,buy,0.02328,0.06,0.0013968
2025-07-01 07:11:50.837,100674,,buy,0.02328,4.18,0.0973104
2025-07-01 07:11:50.837,100675,,buy,0.02328,0.02,0.0004656
2025-07-01 07:11:50.837,100676,,buy,0.02328,3.42,0.0796176
2025-07-01 07:11:50.837,100677,,buy,0.02328,6.58,0.1531824
2025-07-01 07:11:50.837,100678,,buy,0.02328,4.18,0.0973104
2025-07-01 07:11:50.837,100679,,buy,0.02328,4.18,0.0973104
2025-07-01 07:11:50.837,100680,,buy,0.02328,4.18,0.0973104
2025-07-01 07:11:50.837,100681,,buy,0.02328,6.58,0.1531824
2025-07-01 07:11:50.837,100682,,buy,0.0233,0.02,0.000466
2025-07-01 07:11:50.837,100683,,buy,0.0233,0.03,0.000699
2025-07-01 07:11:50.837,100684,,buy,0.0233,0.01,0.000233
2025-07-01 07:11:50.837,100685,,buy,0.0233,0.03,0.000699
2025-07-01 07:11:50.837,100686,,buy,0.0233,0.01,0.000233
2025-07-01 07:11:50.837,100687,,buy,0.0233,3.77,0.087841
2025-07-01 07:11:50.837,100688,,buy,0.0233,44.32,1.032656
2025-07-01 07:11:50.837,100689,,buy,0.0233,2.34,0.054522
2025-07-01 07:11:50.837,100690,,buy,0.0233,4.18,0.097394
2025-07-01 07:11:50.837,100691,,buy,0.0233,0.04,0.000932
2025-07-01 07:11:50.837,100692,,buy,0.0233,4.18,0.097394
2025-07-01 07:11:50.837,100693,,buy,0.0233,4.18,0.097394
2025-07-01 07:11:50.837,100694,,buy,0.0233,4.18,0.097394
2025-07-01 07:11:50.837,100695,,buy,0.0233,4.18,0.097394
2025-07-01 07:11:50.837,100696,,buy,0.0233,0.02,0.000466
2025-07-01 07:11:50.837,100697,,buy,0.0233,4.18,0.097394
2025-07-01 07:11:50.837,100698,,buy,0.0233,4.18,0.097394
2025-07-01 07:11:50.837,100699,,buy,0.0233,4.18,0.097394
2025-07-01 07:11:50.837,100700,,buy,0.0233,4.18,0.097394
2025-07-01 07:11:50.837,100701,,buy,0.0233,4.18,0.097394
2025-07-01 07:11:50.837,100702,,buy,0.0233,4.18,0.097394
2025-07-01 07:11:50.837,100703,,buy,0.0233,4.18,0.097394
2025-07-01 07:11:50.837,100704,,buy,0.0233,4.18,0.097394
2025-07-01 07:11:50.837,100705,,buy,0.0233,4.18,0.097394
2025-07-01 07:11:50.837,100706,,buy,0.0233,4.18,0.097394
2025-07-01 07:11:50.837,100707,,buy,0.0233,4.18,0.097394
2025-07-01 07:11:50.837,100708,,buy,0.0233,4.18,0.097394
2025-07-01 07:11:50.837,100709,,buy,0.0233,4.18,0.097394
2025-07-01 07:11:50.837,100710,,buy,0.0233,4.18,0.097394
2025-07-01 07:11:50.837,100711,,buy,0.0233,4.18,0.097394
2025-07-01 07:11:50.837,100712,,buy,0.02332,857.63,19.9999316
2025-07-01 07:11:50.837,100713,,buy,0.02339,301.25,7.0462375
2025-07-01 07:11:51.100,100714,,sell,0.02328,7.39,0.1720392
2025-07-01 07:12:00.538,100715,,sell,0.02338,855.43,19.9999534
2025-07-01 07:12:51.432,100716,,sell,0.02329,4263.53,99.2976137
2025-07-01 07:12:52.513,100717,,buy,0.02329,10591.69,246.6804601
2025-07-01 07:12:52.513,100718,,buy,0.02329,2.11,0.0491419
2025-07-01 07:12:52.776,100719,,buy,0.02337,956.77,22.3597149
2025-07-01 07:12:52.776,100720,,buy,0.02338,437.99,10.2402062
2025-07-01 07:13:02.360,100721,,sell,0.0233,69.2,1.61236
2025-07-01 07:13:05.584,100722,,sell,0.02335,82.06,1.916101
2025-07-01 07:13:58.741,100723,,buy,0.02336,552.63,12.9094368
2025-07-01 07:14:04.500,100724,,sell,0.02329,56.71,1.3207759
2025-07-01 07:15:08.937,100725,,sell,0.02333,888.09,20.7191397
2025-07-01 07:15:56.138,100726,,buy,0.02337,59.83,1.3982271
2025-07-01 07:15:56.138,100727,,buy,0.02339,28.29,0.6617031
2025-07-01 07:16:06.655,100728,,buy,0.02333,5132.23,119.7349259
2025-07-01 07:16:45.876,100729,,buy,0.02337,1243.85,29.0687745
2025-07-01 07:16:54.041,100730,,sell,0.02333,484.63,11.3064179
2025-07-01 07:16:54.848,100731,,sell,0.02338,2168.2,50.692516
2025-07-01 07:17:58.327,100732,,buy,0.02337,1300.0,30.381
2025-07-01 07:17:58.327,100733,,buy,0.02337,99.65,2.3288205
2025-07-01 07:18:18.315,100734,,buy,0.02339,96.03,2.2461417
2025-07-01 07:18:18.315,100735,,buy,0.02339,695.56,16.2691484
2025-07-01 07:18:18.315,100736,,buy,0.02341,607.2,14.214552
2025-07-01 07:19:04.767,100737,,sell,0.02329,53.72,1.2511388
2025-07-01 07:19:16.247,100738,,sell,0.02331,2814.27,65.6006337
2025-07-01 07:19:59.582,100739,,buy,0.02333,2091.86,48.8030938
2025-07-01 07:21:30.802,100740,,sell,0.0233,2145.92,49.999936
2025-07-01 07:21:30.802,100741,,sell,0.02329,2140.86,49.8606294
2025-07-01 07:21:30.802,100742,,sell,0.02329,1027.86,23.9388594
2025-07-01 07:21:30.802,100743,,sell,0.02325,1088.08,25.29786
2025-07-01 07:21:30.802,100744,,sell,0.02325,1628.02,37.851465
2025-07-01 07:21:30.802,100745,,sell,0.02322,789.7,18.336834
2025-07-01 07:21:30.802,100746,,sell,0.02322,1327.14,30.8161908
2025-07-01 07:21:30.802,100747,,sell,0.02322,1375.1,31.929822
2025-07-01 07:21:30.879,100748,,sell,0.02323,1400.15,32.5254845
2025-07-01 07:21:30.879,100749,,sell,0.02322,1384.71,32.1529662
2025-07-01 07:21:32.971,100750,,buy,0.02321,3111.68,72.2220928
2025-07-01 07:21:32.971,100751,,buy,0.02322,1596.15,37.062603
2025-07-01 07:21:32.971,100752,,buy,0.02323,4284.49,99.5287027
2025-07-01 07:21:32.971,100753,,buy,0.02323,1149.47,26.7021881
2025-07-01 07:21:32.971,100754,,buy,0.02323,2140.86,49.7321778
2025-07-01 07:21:32.971,100755,,buy,0.0233,22.57,0.525881
2025-07-01 07:21:36.143,100756,,buy,0.02327,1683.4,39.172718
2025-07-01 07:21:36.143,100757,,buy,0.02327,1502.51,34.9634077
2025-07-01 07:21:36.143,100758,,buy,0.02328,2135.99,49.7258472
2025-07-01 07:21:36.143,100759,,buy,0.02329,137.91,3.2119239
2025-07-01 07:21:36.143,100760,,buy,0.02329,2145.99,49.9801071
2025-07-01 07:21:36.143,100761,,buy,0.02331,4271.97,99.5796207
2025-07-01 07:21:36.725,100762,,buy,0.02337,1449.55,33.8759835
2025-07-01 07:21:40.018,100763,,sell,0.02326,1400.0,32.564
2025-07-01 07:21:40.056,100764,,sell,0.02326,152.49,3.5469174
2025-07-01 07:21:42.715,100765,,buy,0.02338,894.13,20.9047594
2025-07-01 07:21:42.842,100766,,sell,0.02337,1155.36,27.0007632
2025-07-01 07:21:42.842,100767,,sell,0.02336,3332.19,77.8399584
2025-07-01 07:21:43.433,100768,,sell,0.02342,1839.45,43.079919
2025-07-01 07:21:43.433,100769,,sell,0.02342,4284.49,100.3427558
2025-07-01 07:21:43.433,100770,,sell,0.02342,2140.86,50.1389412
2025-07-01 07:21:43.433,100771,,sell,0.02341,1144.79,26.7995339
2025-07-01 07:21:43.433,100772,,sell,0.02339,891.5,20.852185
2025-07-01 07:21:48.824,100773,,buy,0.0234,2140.86,50.096124
2025-07-01 07:21:48.824,100774,,buy,0.0234,152.65,3.57201
2025-07-01 07:21:48.824,100775,,buy,0.02341,4284.49,100.2999109
2025-07-01 07:21:48.824,100776,,buy,0.02342,3165.97,74.1470174
2025-07-01 07:21:48.824,100777,,buy,0.02342,550.32,12.8884944
2025-07-01 07:21:49.784,100778,,sell,0.02337,2139.69,50.0045553
2025-07-01 07:21:50.026,100779,,sell,0.02338,2140.86,50.0533068
2025-07-01 07:22:01.526,100780,,sell,0.02333,1400.0,32.662
2025-07-01 07:22:05.973,100781,,sell,0.02334,740.55,17.284437
2025-07-01 07:22:05.973,100782,,sell,0.02334,3158.14,73.7109876
2025-07-01 07:22:05.973,100783,,sell,0.02333,962.11,22.4460263
2025-07-01 07:22:07.404,100784,,sell,0.02324,1400.0,32.536
2025-07-01 07:22:44.145,100785,,sell,0.0232,786.43,18.245176
2025-07-01 07:22:44.145,100786,,sell,0.02319,4284.49,99.3573231
2025-07-01 07:22:44.145,100787,,sell,0.02317,531.11,12.3058187
2025-07-01 07:22:44.145,100788,,sell,0.02316,1589.58,36.8146728
2025-07-01 07:22:44.145,100789,,sell,0.02315,1469.71,34.0237865
2025-07-01 07:22:44.146,100790,,sell,0.02315,1030.29,23.8512135
2025-07-01 07:22:44.146,100791,,sell,0.02315,1080.09,25.0040835
